title,price,store,image_url,product_url,rating,review_count
Spark Go 1 3/64 Glittery White,999000.0,idea,https://api.idea.uz/storage/products/October2024/yjBSu1NMgcKu3eLk5ihH.png,https://idea.uz/uz/product/8821-smartfon-tecno-spark-go-1-3-64-glittery-white,,
Spark Go 1 4/64 Startrail Black,999000.0,idea,https://api.idea.uz/storage/products/May2025/VkWemHWBgk6iGNql2wC0.png,https://idea.uz/uz/product/10847-smartfon-tecno-spark-go-1-4-64-startrail-black,,
Spark Go 1 3/64 Startrail Black,999000.0,idea,https://api.idea.uz/storage/products/October2024/GdfacWRGqhgdio5Zc5sC.png,https://idea.uz/uz/product/8820-smartfon-tecno-spark-go-1-3-64-startrail-black,,
Ajib i10 4/64 white,1199000.0,idea,https://api.idea.uz/storage/products/August2026/JpshLEsXiGEOHksYneQb.png,https://idea.uz/uz/product/12026-smartfon-ajib-i10-4-64-white,,
Ajib i10 4/64 silver,1199000.0,idea,https://api.idea.uz/storage/products/July2026/OHBYnxtnlITfKd61N4lQ.png,https://idea.uz/uz/product/12025-smartfon-ajib-i10-4-64-silver,,
Redmi A5 3/64 Ocean Blue,1299000.0,idea,https://api.idea.uz/storage/products/April2025/WvsDfmJAztXthdWBlSSW.png,https://idea.uz/uz/product/10797-smartfon-redmi-a5-3-64-ocean-blue,,
Honor X5c 4/64 Midnight Black,1299000.0,idea,https://api.idea.uz/storage/products/October2025/CrBWsFf4oqZN5pBXCnmt.png,https://idea.uz/uz/product/11222-smartfon-honor-x5c-4-64-midnight-black,,
Ajib i15 4/64 blue,1299000.0,idea,https://api.idea.uz/storage/products/July2026/ORLG1K4tbcHgtVYRFDjp.png,https://idea.uz/uz/product/12028-smartfon-ajib-i15-4-64-blue,,
Honor X5c 4/64 Ocean Cyan (blue),1299000.0,idea,https://api.idea.uz/storage/products/October2025/svaToyzWLhPZPakLnWcQ.png,https://idea.uz/uz/product/11223-smartfon-honor-x5c-4-64-ocean-cyan-blue,,
Redmi A5 3/64 Midnight Black,1299000.0,idea,https://api.idea.uz/storage/products/April2025/8xnKoMrdAzXBGYyN7dcb.png,https://idea.uz/uz/product/10795-smartfon-redmi-a5-3-64-midnight-black,,
Redmi A5 3/64 Lake Green,1299000.0,idea,https://api.idea.uz/storage/products/April2025/ru9sxuI8TZySV9ebzbQ2.png,https://idea.uz/uz/product/10796-smartfon-redmi-a5-3-64-lake-green,,
Ajib i15 4/64 black,1299000.0,idea,https://api.idea.uz/storage/products/July2026/hcS0gtxzEoeLPi7PEbHy.png,https://idea.uz/uz/product/12027-smartfon-ajib-i15-4-64-black,,
Redmi A5 4/128 Ocean Blue,1399000.0,idea,https://api.idea.uz/storage/products/April2025/Dojzf4zZS92psDHXXO7W.png,https://idea.uz/uz/product/10799-smartfon-redmi-a5-4-128-ocean-blue,,
Spark Go 1 4/128 Startrail Black,1399000.0,idea,https://api.idea.uz/storage/products/October2024/Y9s9kHTXr6Uy4CfFPtwb.png,https://idea.uz/uz/product/8822-smartfon-tecno-spark-go-1-4-128-startrail-black,,
Redmi A5 4/128 Sandy Gold,1399000.0,idea,https://api.idea.uz/storage/products/September2025/bPC5P1Tfo5mg6cMvz9qT.png,https://idea.uz/uz/product/11250-smartfon-xiaomi-redmi-a5-4-128-sandy-gold,,
Redmi A5 4/128 Midnight Black,1399000.0,idea,https://api.idea.uz/storage/products/April2025/7m9QB4c0TbmVkdFQeoeC.png,https://idea.uz/uz/product/10798-smartfon-redmi-a5-4-128-midnight-black,,
Redmi A5 4/128 Lake Green,1399000.0,idea,https://api.idea.uz/storage/products/May2025/uKnwGDqOaeF7yesVHEim.png,https://idea.uz/uz/product/10800-smartfon-redmi-a5-4-128-lake-green,,
Honor X5b Plus 4/128 Flowing Blue,1599000.0,idea,https://api.idea.uz/storage/products/April2025/D0K8ZBrU6Xd9zCtummLY.png,https://idea.uz/uz/product/8916-smartfon-honor-x5b-plus-4-128-flowing-blue,,
Spark 30C 4/128 Orbit Black,1599000.0,idea,https://api.idea.uz/storage/products/October2024/nvhYsgUl6l7JGCIy9u77.png,https://idea.uz/uz/product/8824-smartfon-tecno-spark-30c-4-128-orbit-black,,
Honor X5c Plus 4/128 Midnight Black,1699000.0,idea,https://api.idea.uz/storage/products/September2025/YLF0ZemPKPHBZApowpV8.png,https://idea.uz/uz/product/11224-smartfon-honor-x5c-plus-4-128-midnight-black,,
Nova Y63 4/128 Silver,1799000.0,idea,https://api.idea.uz/storage/products/June2025/glH2hF21eGwMTfCjT148.png,https://idea.uz/uz/product/10945-smartfon-huawei-nova-y63-4-128-silver,,
C85 6/128 Black,1799000.0,idea,https://api.idea.uz/storage/products/October2025/xHOFj7gMlUCGsZRwL00I.png,https://idea.uz/uz/product/11197-smartfon-xiaomi-poco-c85-6-128-black,,
Galaxy A07 4/128GB black,1799000.0,idea,https://api.idea.uz/storage/products/September2025/87Dyy2EZKIlQ5oHXB6sQ.png,https://idea.uz/uz/product/11172-smartfon-samsung-galaxy-a07-4-128gb-black,,
Galaxy A07 4/128GB Green,1799000.0,idea,https://api.idea.uz/storage/products/September2025/VcN49FHqLC1R1RHXSSi3.png,https://idea.uz/uz/product/11198-smartfon-samsung-galaxy-a07-4-128gb-green,,
Nova Y63 4/128 Black,1799000.0,idea,https://api.idea.uz/storage/products/June2025/asVI3YXkyf4HX7C5hL2C.png,https://idea.uz/uz/product/10944-smartfon-huawei-nova-y63-4-128-black,,
Honor X6a 4/128GB Midnight Black,1840000.0,idea,https://api.idea.uz/storage/products/October2023/WYTlrQ9CO4d3jucNngQK.jpg,https://idea.uz/uz/product/6522-smartfon-honor-x6a-4-128gb-midnight-black,,
Redmi A7 Pro 4/128 Mist Blue,1849000.0,idea,https://api.idea.uz/storage/products/April2026/hjsCHUmyIQxPik5MnL9i.png,https://idea.uz/uz/product/11737-smartfon-xiaomi-redmi-a7-pro-4-128-mist-blue,,
Redmi A7 Pro 4/128 Black,1849000.0,idea,https://api.idea.uz/storage/products/April2026/kQPenMnP8gFIxRRNIhaP.png,https://idea.uz/uz/product/11738-smartfon-xiaomi-redmi-a7-pro-4-128-black,,
Redmi 15C 4/128 Blue,1899000.0,idea,https://api.idea.uz/storage/products/September2025/jpT8OVq3b5PpI3kLVPhl.png,https://idea.uz/uz/product/11210-smartfon-xiaomi-redmi-15c-4-128-blue,,
Honor X6b 4/128 Forest Green,1899000.0,idea,https://api.idea.uz/storage/products/September2024/l221Vk7Egh3kFO37kSWc.png,https://idea.uz/uz/product/8160-smartfon-honor-x6b-4-128-forest-green,,
Galaxy A07 6/128GB Light Violet,1899000.0,idea,https://api.idea.uz/storage/products/September2025/VLad8ctsSJt9s30zHU9n.png,https://idea.uz/uz/product/11199-smartfon-samsung-galaxy-a07-6-128gb-light-violet,,
Redmi 15C 4/128 Midnight Black,1899000.0,idea,https://api.idea.uz/storage/products/September2025/hSQdbCMWsLcTbeLvwE0S.png,https://idea.uz/uz/product/11168-smartfon-xiaomi-redmi-15c-4-128-midnight-black,,
Spark 30 8/128 Stellar Shadow,1899000.0,idea,https://api.idea.uz/storage/products/November2024/zgdxUUC62zeEOZ98rhJo.png,https://idea.uz/uz/product/8939-smartfon-tecno-spark-30-8-128-stellar-shadow,,
Galaxy A07 6/128GB black,1899000.0,idea,https://api.idea.uz/storage/products/September2025/EhPsesmCD7pKTymeOePd.png,https://idea.uz/uz/product/11173-smartfon-samsung-galaxy-a07-6-128gb-black,,
Honor X5d Plus 4/128 Tidal Blue,1919000.0,idea,https://api.idea.uz/storage/products/May2026/EEdjy8cT5qoEbihyAAFO.png,https://idea.uz/uz/product/11831-smartfon-honor-x5d-plus-4-128-tidal-blue,,
Honor X5d Plus 4/128 Midnight Black,1919000.0,idea,https://api.idea.uz/storage/products/May2026/IsdZjxOCW0URSX710Dpu.png,https://idea.uz/uz/product/11830-smartfon-honor-x5d-plus-4-128-midnight-black,,
OPPO A5x 4/64 Laser White,1999000.0,idea,https://api.idea.uz/storage/products/August2025/BvzGYn5RisehKNIbdzP8.png,https://idea.uz/uz/product/11140-smartfon-oppo-a5x-4-64-laser-white,,
POCO C71 4/128 Gold,1999000.0,idea,https://api.idea.uz/storage/products/September2026/5GKj2Obb2TBxd2gCGnRZ.png,https://idea.uz/uz/product/12133-smartfon-poco-c71-4-128-gold,,
OPPO A5x 4/64 Midnight Blue,1999000.0,idea,https://api.idea.uz/storage/products/August2025/XrIlcvvTCIp7VkTDct4m.png,https://idea.uz/uz/product/11138-smartfon-oppo-a5x-4-64-midnight-blue,,
POCO C71 4/128 Blue,1999000.0,idea,https://api.idea.uz/storage/products/September2026/GqBlWetYJOBexjoU2mH4.png,https://idea.uz/uz/product/12132-smartfon-poco-c71-4-128-blue,,
POCO C85 6/128 Green,1999000.0,idea,https://api.idea.uz/storage/products/August2026/NKbuwHcbIWXEY4GjLttj.png,https://idea.uz/uz/product/12105-smartfon-poco-c85-6-128-green,,
Spark 30 8/256 Astral Ice,2099000.0,idea,https://api.idea.uz/storage/products/November2024/znjAEyK9rR3zzBdvlgAU.png,https://idea.uz/uz/product/8940-smartfon-tecno-spark-30-8-256-astral-ice,,
A3x 4/64 Nebula Red,2099000.0,idea,https://api.idea.uz/storage/products/June2025/FxR66C8eOAqxL25KCmPT.png,https://idea.uz/uz/product/10576-smartfon-oppo-a3x-4-64-nebula-red,,
Redmi 13 6/128 Midnight Black,2099000.0,idea,https://api.idea.uz/storage/products/July2024/dRbgCl3ZNCWhhX8f3QrJ.png,https://idea.uz/uz/product/8185-smartfon-xiaomi-redmi-13-6-128-midnight-black,,
Redmi 13 6/128 Ocean Blue,2099000.0,idea,https://api.idea.uz/storage/products/July2024/ARSliUT8WePOF7iKEnkF.png,https://idea.uz/uz/product/8186-smartfon-xiaomi-redmi-13-6-128-ocean-blue,,
Honor X6c 6/128 Ocean Cyan,2199000.0,idea,https://api.idea.uz/storage/products/July2025/hqjencCawlNfNoRAt39u.png,https://idea.uz/uz/product/11033-smartfon-honor-x6c-6-128-ocean-cyan,,
OPPO A5i 4/128 Starry Purple,2199000.0,idea,https://api.idea.uz/storage/products/June2026/ckREWT5503yNIiQMDbsa.png,https://idea.uz/uz/product/11924-smartfon-oppo-a5i-4-128-starry-purple,,
OPPO A5i 4/128 Nebula Red,2199000.0,idea,https://api.idea.uz/storage/products/June2026/NiYlT1FiKjGxB8COcRER.png,https://idea.uz/uz/product/11925-smartfon-oppo-a5i-4-128-nebula-red,,
Honor X6c 6/128 Midnight Black,2199000.0,idea,https://api.idea.uz/storage/products/July2025/YHH4IqglrJf0U0BIyJC5.png,https://idea.uz/uz/product/11032-smartfon-honor-x6c-6-128-midnight-black,,
OPPO A6x 4/64 Plum Purple,2199000.0,idea,https://api.idea.uz/storage/products/March2026/NLaC8JPY9eVM45EqtK8S.png,https://idea.uz/uz/product/11661-smartfon-oppo-a6x-4-64-plum-purple,,
OPPO A6x 4/64 Ice Blue,2199000.0,idea,https://api.idea.uz/storage/products/May2026/bBqf8Xvsjp1Q0RoGwu9Z.png,https://idea.uz/uz/product/11662-smartfon-oppo-a6x-4-64-ice-blue,,
Nova Y72s 8/128 Blue,2299000.0,idea,https://api.idea.uz/storage/products/June2025/zX4BMHsdMAhnYk60SIDZ.png,https://idea.uz/uz/product/10947-smartfon-huawei-nova-y72s-8-128-blue,,
Nova Y72s 8/128 Black,2299000.0,idea,https://api.idea.uz/storage/products/June2025/Xjz1zBZ7czFulkNoscjD.png,https://idea.uz/uz/product/10946-smartfon-huawei-nova-y72s-8-128-black,,
OPPO A5x 4/128 Midnight Blue,2299000.0,idea,https://api.idea.uz/storage/products/August2025/NUaCeJmZZtHDv16mR73Y.png,https://idea.uz/uz/product/11139-smartfon-oppo-a5x-4-128-midnight-blue,,
Redmi 13 8/128 Ocean Blue,2299000.0,idea,https://api.idea.uz/storage/products/September2024/MEBDxiZZ24ImcO4Mar3W.png,https://idea.uz/uz/product/8685-smartfon-redmi-13-8-128-ocean-blue,,
Redmi 13 8/128 Midnight Black,2299000.0,idea,https://api.idea.uz/storage/products/September2024/XaVujGuUs3SJpYXqOLbe.png,https://idea.uz/uz/product/8684-smartfon-redmi-13-8-128-midnight-black,,
OPPO A5x 4/128 Laser White,2299000.0,idea,https://api.idea.uz/storage/products/August2025/sS1uImJ4VjxEykI8fvDy.png,https://idea.uz/uz/product/11141-smartfon-oppo-a5x-4-128-laser-white,,
Redmi Note 14 6/128 Ocean Blue,2399000.0,idea,https://api.idea.uz/storage/products/January2025/aGzGimfKsDqKlRDeec2A.png,https://idea.uz/uz/product/10450-smartfon-xiaomi-redmi-note-14-6-128-ocean-blue,,
Redmi 15C 8/256 Midnight Black,2399000.0,idea,https://api.idea.uz/storage/products/September2025/lkDIzQE5Ystx9VFUz4ZS.png,https://idea.uz/uz/product/11169-smartfon-xiaomi-redmi-15c-8-256-midnight-black,,
Nova Y72 8/256 Black,2399000.0,idea,https://api.idea.uz/storage/products/June2024/NS17JhZ7Oyyvbd6inN17.png,https://idea.uz/uz/product/7919-smartfon-huawei-nova-y72-8-256-black,,
Nova Y72 8/256 Green,2399000.0,idea,https://api.idea.uz/storage/products/June2024/5BAOxDegBjBFeDna3sKs.png,https://idea.uz/uz/product/7920-smartfon-huawei-nova-y72-8-256-green,,
Redmi 15C 8/256 Green,2399000.0,idea,https://api.idea.uz/storage/products/August2026/iBmx31Ie545cn6BT92qh.png,https://idea.uz/uz/product/12064-smartfon-xiaomi-redmi-15c-8-256-green,,
Redmi 15C 8/256 Blue,2399000.0,idea,https://api.idea.uz/storage/products/August2025/RauTWpS26FOrXrSeUGWN.png,https://idea.uz/uz/product/11160-smartfon-xiaomi-redmi-15c-8-256-blue,,
Redmi Note 14 6/128 Midnight Black,2399000.0,idea,https://api.idea.uz/storage/products/January2025/vvhxl1J0QbMRmOiSnrSF.png,https://idea.uz/uz/product/10448-smartfon-xiaomi-redmi-note-14-6-128-midnight-black,,
Redmi Note 14 6/128 Lime Green,2399000.0,idea,https://api.idea.uz/storage/products/January2025/ejMQFqevfUQgGSmMEruf.png,https://idea.uz/uz/product/10449-smartfon-xiaomi-redmi-note-14-6-128-lime-green,,
Redmi Note 14 8/128 Lime Green,2499000.0,idea,https://api.idea.uz/storage/products/April2026/2v44eV1mdud3p1Cv5ZnZ.png,https://idea.uz/uz/product/11784-smartfon-xiaomi-redmi-note-14-8-128-lime-green,,
Redmi Note 14 8/128 Midnight Black,2499000.0,idea,https://api.idea.uz/storage/products/April2026/R3pznsZ3jv2bJuwFlFS7.png,https://idea.uz/uz/product/11786-smartfon-xiaomi-redmi-note-14-8-128-midnight-black,,
Redmi Note 14 8/128 Ocean Blue,2499000.0,idea,https://api.idea.uz/storage/products/May2026/VcDdUwumw4A2GQcW590u.png,https://idea.uz/uz/product/11785-smartfon-xiaomi-redmi-note-14-8-128-ocean-blue,,
Honor X7c 8/256 Midnight Black,2499000.0,idea,https://api.idea.uz/storage/products/December2024/Aase8oVwV1wQbtGgqcA5.png,https://idea.uz/uz/product/8914-smartfon-honor-x7c-8-256-midnight-black,,
Redmi Note 14 8/256 Lime Green,2599000.0,idea,https://api.idea.uz/storage/products/January2025/CDZ7IAuIVe528UhSuqwg.png,https://idea.uz/uz/product/10505-smartfon-xiaomi-redmi-note-14-8-256-lime-green,,
Redmi 17 4/128 Deep Blue,2599000.0,idea,https://api.idea.uz/storage/products/August2026/NuTzDey8uN0t3zklHgDf.png,https://idea.uz/uz/product/12042-smartfon-xiaomi-redmi-17-4-128-deep-blue,,
Redmi 17 4/128 Black,2599000.0,idea,https://api.idea.uz/storage/products/August2026/Znv0Oa3ZJTOsnVl7BEcO.png,https://idea.uz/uz/product/12041-smartfon-xiaomi-redmi-17-4-128-black,,
Redmi 17 4/128 Black,2599000.0,idea,https://api.idea.uz/storage/products/August2026/Znv0Oa3ZJTOsnVl7BEcO.png,https://idea.uz/uz/product/12041-smartfon-xiaomi-redmi-17-4-128-black,,
Honor X6c 6/256 Midnight Black,2599000.0,idea,https://api.idea.uz/storage/products/July2025/p99YLmZL25UfxzwsghYc.png,https://idea.uz/uz/product/11068-smartfon-honor-x6c-6-256-midnight-black,,
Honor X6c 6/256 Ocean Cyan,2599000.0,idea,https://api.idea.uz/storage/products/July2025/7EhsqQH0VyHWuqAILH5I.png,https://idea.uz/uz/product/11069-smartfon-honor-x6c-6-256-ocean-cyan,,
Redmi Note 15 6/128 Black,2699000.0,idea,https://api.idea.uz/storage/products/January2026/y1AyS2ykHuIUSlX2EeRd.png,https://idea.uz/uz/product/11527-smartfon-redmi-note-15-6-128-black,,
Redmi Note 15 6/128 Forest Green,2699000.0,idea,https://api.idea.uz/storage/products/February2026/HUyuZMqbfws9RqLh1p5j.png,https://idea.uz/uz/product/11542-smartfon-xiaomi-redmi-note-15-6-128-forest-green,,
Redmi Note 15 6/128 Glacier Blue,2699000.0,idea,https://api.idea.uz/storage/products/February2026/Fwhktmmw1rNnnSZ1YR41.png,https://idea.uz/uz/product/11617-smartfon-xiaomi-redmi-note-15-6-128-glacier-blue,,
Nova 12i 8/128 Black,2699000.0,idea,https://api.idea.uz/storage/products/June2024/tD9zISrymCOg746Admry.png,https://idea.uz/uz/product/7917-smartfon-huawei-nova-12i-8-128gb-black,,
Nova 12i 8/128 Green,2699000.0,idea,https://api.idea.uz/storage/products/June2024/ZvkWbB2WgFDK16SkDEVb.png,https://idea.uz/uz/product/7918-smartfon-huawei-nova-12i-8-128gb-green,,
Redmi Note 15 6/128 Purple,2699000.0,idea,https://api.idea.uz/storage/products/July2026/E7nCk5APd61rYCgCPBxv.png,https://idea.uz/uz/product/11977-smartfon-redmi-note-15-6-128-purple,,
Honor X7d 6/128 Meteor Silver,2699000.0,idea,https://api.idea.uz/storage/products/September2025/RpJapg6Z0gU3ORcZwelw.png,https://idea.uz/uz/product/11217-smartfon-honor-x7d-6-128-meteor-silver,,
Honor X7d 6/128 Desert Gold,2699000.0,idea,https://api.idea.uz/storage/products/September2025/bwcVe5Ivs6dvy9VLPS5Y.png,https://idea.uz/uz/product/11216-smartfon-honor-x7d-6-128-desert-gold,,
Honor X7d 6/128 Velvet Black,2699000.0,idea,https://api.idea.uz/storage/products/September2025/jYeYLTD6KQYWp5Ly1anc.png,https://idea.uz/uz/product/11215-smartfon-honor-x7d-6-128-velvet-black,,
Galaxy A17 6/128 Light Blue,2799000.0,idea,https://api.idea.uz/storage/products/September2025/rFvXxirF1ccsZ2JUqS5D.png,https://idea.uz/uz/product/11233-smartfon-samsung-galaxy-a17-6-128-light-blue,,
Galaxy A17 6/128 Gray,2799000.0,idea,https://api.idea.uz/storage/products/September2025/G7zuEwvP7YoVfVvGwlX1.png,https://idea.uz/uz/product/11232-smartfon-samsung-galaxy-a17-6-128-gray,,
Galaxy A17 6/128 Black,2799000.0,idea,https://api.idea.uz/storage/products/September2025/ZCcZyC3MkOOasNxbQHxY.png,https://idea.uz/uz/product/11229-smartfon-samsung-galaxy-a17-6-128-black,,
Redmi Note 17 4/128 Sky Teal,2899000.0,idea,https://api.idea.uz/storage/products/September2026/UlD3MUi4AaUaVB3ffA9K.png,https://idea.uz/uz/product/12127-smartfon-xiaomi-redmi-note-17-4-128-sky-teal,,
Redmi Note 17 4/128 Black,2899000.0,idea,https://api.idea.uz/storage/products/September2026/HWtLvh4bGFn7FgLzkn1N.png,https://idea.uz/uz/product/12126-smartfon-xiaomi-redmi-note-17-4-128-black,,
Redmi Note 17 4/128 Celestial Purple,2899000.0,idea,https://api.idea.uz/storage/products/September2026/924GayVWrPuz3lRJ8AYb.png,https://idea.uz/uz/product/12125-smartfon-xiaomi-redmi-note-17-4-128-celestial-purple,,
Redmi Note 15 8/256 Black,2999000.0,idea,https://api.idea.uz/storage/products/January2026/9JkvY8x9crX2iYULeZEk.png,https://idea.uz/uz/product/11528-redmi-note-15-8256-black,,
Redmi 17 4/256 Oak Green,2999000.0,idea,https://api.idea.uz/storage/products/August2026/dvA05Ud5ZG7UXaBfmr6Q.png,https://idea.uz/uz/product/12082-smartfon-xiaomi-redmi-17-4-256-oak-green,,
A3 6/128 Sparkle Black,2999000.0,idea,https://api.idea.uz/storage/products/March2025/14rQETTEyNRqbD0NkBPp.png,https://idea.uz/uz/product/10571-smartfon-oppo-a3-6-128-sparkle-black,,
A3 6/128 Starlight White,2999000.0,idea,https://api.idea.uz/storage/products/March2025/TJgTQGWkzMqghVYePauj.png,https://idea.uz/uz/product/10572-smartfon-oppo-a3-6-128-starlight-white,,
Redmi Note 15 8/256 Purple,2999000.0,idea,https://api.idea.uz/storage/products/May2026/VNk2a5LS8Tnd7UWp42Pi.png,https://idea.uz/uz/product/11797-smartfon-xiaomi-redmi-note-15-8-256-purple,,
Redmi 17 4/256 Deep Blue,2999000.0,idea,https://api.idea.uz/storage/products/August2026/3RsqHltgEZhWb5G0McV3.png,https://idea.uz/uz/product/12054-smartfon-xiaomi-redmi-17-4-256-deep-blue,,
Redmi 17 4/256 Black,2999000.0,idea,https://api.idea.uz/storage/products/August2026/UANQEGWl9JcamLqPBK9Z.png,https://idea.uz/uz/product/12053-smartfon-xiaomi-redmi-17-4-256-black,,
A5 Pro 8/128 Mocha Brown,2999000.0,idea,https://api.idea.uz/storage/products/April2025/yjXoIzjOuEuhA3wBuRGC.png,https://idea.uz/uz/product/10741-smartfon-oppo-a5-pro-8-128-mocha-brown,,
A5 Pro 8/128 Olive Green,2999000.0,idea,https://api.idea.uz/storage/products/May2025/2Uxo9U3d2W8jCmwIqFU2.png,https://idea.uz/uz/product/10885-smartfon-oppo-a5-pro-8-128-olive-green,,
OPPO A5 6/128 Mist White,3099000.0,idea,https://api.idea.uz/storage/products/November2025/KFBwt7zraZ1mMSX4RXgV.png,https://idea.uz/uz/product/11400-smartfon-oppo-a5-6-128-mist-white,,
Honor X7d 8/256 Meteor Silver,3149000.0,idea,https://api.idea.uz/storage/products/September2025/TcAKp1nkeQSfJd5TgpxN.png,https://idea.uz/uz/product/11218-smartfon-honor-x7d-8-256-meteor-silver,,
Honor X7d 8/256 Desert Gold,3149000.0,idea,https://api.idea.uz/storage/products/September2025/dJg8sA5YrQrxS2kButuc.png,https://idea.uz/uz/product/11219-smartfon-honor-x7d-8-256-desert-gold,,
Honor X7d 8/256 Velvet Black,3149000.0,idea,https://api.idea.uz/storage/products/September2025/vC4BEtCjC77eN8GNnKM3.png,https://idea.uz/uz/product/11228-smartfon-honor-x7d-8-256-velvet-black,,
OPPO A6x 4/128 Ice Blue,3199000.0,idea,https://api.idea.uz/storage/products/June2026/1dUYPxvZThb59nqzbEoU.png,https://idea.uz/uz/product/11927-smartfon-oppo-a6x-4-128-ice-blue,,
OPPO A6x 4/128 Plum Purple,3199000.0,idea,https://api.idea.uz/storage/products/June2026/4JSCpMOQCfSpTZI31Tc0.png,https://idea.uz/uz/product/11926-smartfon-oppo-a6x-4-128-plum-purple,,
POCO M8 5G 8/256 Silver,3399000.0,idea,https://api.idea.uz/storage/products/July2026/SeIRmzEthEO4Cg8seZGm.png,https://idea.uz/uz/product/11971-smartfon-poco-m8-5g-8-256-silver,,
Galaxy A17 8/256 Black,3399000.0,idea,https://api.idea.uz/storage/products/September2025/JiS4vZcGFuBNyYKrkq4w.png,https://idea.uz/uz/product/11230-smartfon-samsung-galaxy-a17-8-256-black,,
Galaxy A17 8/256 Gray,3399000.0,idea,https://api.idea.uz/storage/products/September2025/tpkUnKljaEv8onVsuh71.png,https://idea.uz/uz/product/11231-smartfon-samsung-galaxy-a17-8-256-gray,,
POCO M8 5G 8/256 Silver,3399000.0,idea,https://api.idea.uz/storage/products/July2026/SeIRmzEthEO4Cg8seZGm.png,https://idea.uz/uz/product/11971-smartfon-poco-m8-5g-8-256-silver,,
POCO M8 5G 8/256 Green,3399000.0,idea,https://api.idea.uz/storage/products/July2026/5lQKUoOOf6Kvl9PyPyzm.png,https://idea.uz/uz/product/12055-smartfon-poco-m8-5g-8-256-green,,
A3 6/256 Sparkle Black,3499000.0,idea,https://api.idea.uz/storage/products/December2024/DwyctteuKjj719MEhLKi.png,https://idea.uz/uz/product/8843-smartfon-oppo-a3-6-256-sparkle-black,,
Reno 12F 8/256 Matte Gray,3499000.0,idea,https://api.idea.uz/storage/products/December2024/GfawwkT4iZj9XIdGfqip.png,https://idea.uz/uz/product/8845-smartfon-oppo-reno-12f-8-256-matte-gray,,
Redmi Note 17 6/256 Black,3499000.0,idea,https://api.idea.uz/storage/products/August2026/Xk5HieQ2rzSW5cLTkLlX.png,https://idea.uz/uz/product/12080-smartfon-xiaomi-redmi-note-17-6-256-black,,
Redmi Note 17 6/256 Celestial Purple,3499000.0,idea,,https://idea.uz/uz/product/12081-smartfon-xiaomi-redmi-note-17-6-256-celestial-purple,,
Redmi Note 17 6/256 Sky Teal,3499000.0,idea,https://api.idea.uz/storage/products/August2026/TZAS3o0HIwNCpEOnL2nH.png,https://idea.uz/uz/product/12106-smartfon-xiaomi-redmi-note-17-6-256-sky-teal,,
Nova 12 SE 8/256 Black,3599000.0,idea,https://api.idea.uz/storage/products/June2024/DBL6kvhnHUaSh4bsSBKO.png,https://idea.uz/uz/product/7915-smartfon-huawei-nova-12-se-8-256-black,,
Nova 12 SE 8/256 White,3599000.0,idea,https://api.idea.uz/storage/products/June2024/RTv7Ikqyv0E4hxEMtuqa.png,https://idea.uz/uz/product/7916-smartfon-huawei-nova-12-se-8-256-white,,
Honor 200 Lite 8/256GB Cyan Lake,3699000.0,idea,https://api.idea.uz/storage/products/May2024/miYDuW0l5zKR3eX6B3cZ.png,https://idea.uz/uz/product/7738-smartfon-honor-200-lite-8-256gb-cyan-lake,,
Honor 200 Lite 8/256GB Stary Blue,3699000.0,idea,https://api.idea.uz/storage/products/May2024/MQdbQPfCNgH0XYHLYEfh.png,https://idea.uz/uz/product/7739-smartfon-honor-200-lite-8-256gb-stary-blue,,
Galaxy A26 6/128 Black,3799000.0,idea,https://api.idea.uz/storage/products/March2025/lOYkg4a3SPCiqUYaRi8P.png,https://idea.uz/uz/product/10716-smartfon-samsung-galaxy-a26-6-128-black,,
Galaxy A26 6/128 Light Green,3799000.0,idea,https://api.idea.uz/storage/products/March2025/9L93fApqEHBwpKplGtpA.png,https://idea.uz/uz/product/10717-smartfon-samsung-galaxy-a26-6-128-light-green,,
Redmi Note 15 Pro 8/256 Black,3799000.0,idea,https://api.idea.uz/storage/products/January2026/ugcLPKw5Vh3ENk94vk7o.png,https://idea.uz/uz/product/11529-smartfon-redmi-note-15-pro-8-256-black,,
Redmi Note 15 Pro 8/256 Titanium,3799000.0,idea,https://api.idea.uz/storage/products/January2026/f7rsUSeCa5uD1aJ9SPLe.png,https://idea.uz/uz/product/11530-smartfon-redmi-note-15-pro-8-256-titanium,,
OPPO A6 8/128 Aurora Gold,3899000.0,idea,https://api.idea.uz/storage/products/May2026/RwG1P2gpR5gFHsofXe1B.png,https://idea.uz/uz/product/11678-smartfon-oppo-a6-8-128-aurora-gold,,
OPPO A6 8/128 Sapphire Blue,3899000.0,idea,https://api.idea.uz/storage/products/May2026/cycM3ecqIn0hnI8M0BZc.png,https://idea.uz/uz/product/11679-smartfon-oppo-a6-8-128-sapphire-blue,,
Nova 11 8/256 Black,3990000.0,idea,https://api.idea.uz/storage/products/September2023/4hDqOWFWaJqWWYHL0vJq.png,https://idea.uz/uz/product/6621-smartfon-huawei-nova-11-8-256-black,,
Reno 12F 8/512 Matte Grey,3999000.0,idea,https://api.idea.uz/storage/products/September2025/RAVphhFgaCXcNTQfna71.png,https://idea.uz/uz/product/11259-smartfon-oppo-reno-12f-8-512-matte-grey,,
Galaxy A27 5G 6/128 Black,3999000.0,idea,https://api.idea.uz/storage/products/July2026/9sCLeH23voche6whtv7Q.png,https://idea.uz/uz/product/12021-smartfon-galaxy-a27-5g-6-128-blackgalaxy-a27-5g-6-128-black,,
Galaxy A27 5G 6/128 Blue,3999000.0,idea,https://api.idea.uz/storage/products/July2026/wDrlwlPNnxNNgFbEqbGg.png,https://idea.uz/uz/product/12022-smartfon-galaxy-a27-5g-6-128-blue,,
Galaxy A27 5G 6/128 Light Pink,3999000.0,idea,https://api.idea.uz/storage/products/July2026/NPLuCWdx1LM9O9S12EDw.png,https://idea.uz/uz/product/12052-smartfon-samsung-galaxy-a27-5g-6-128-light-pink,,
Redmi Note 17 Pro 5G 6/128 Black,4199000.0,idea,https://api.idea.uz/storage/products/September2026/gJXHwLY4rTBmiJHyIzcJ.png,https://idea.uz/uz/product/12135-smartfon-xiaomi-redmi-note-17-pro-5g-6-128-black,,
Redmi Note 17 Pro 5G 6/128 Satin Orange,4199000.0,idea,https://api.idea.uz/storage/products/September2026/g3Y3xG0CajOjfKRlhZcj.png,https://idea.uz/uz/product/12136-smartfon-xiaomi-redmi-note-17-pro-5g-6-128-satin-orange,,
Galaxy A36 8/128gb White,4399000.0,idea,https://api.idea.uz/storage/products/March2025/CSSpzaLSP68oc4kKQoMf.png,https://idea.uz/uz/product/10684-smartfon-samsung-galaxy-a36-8-128gb-white,,
Galaxy A36 8/128gb Black,4399000.0,idea,https://api.idea.uz/storage/products/March2025/ySEnTyBAZfX16vIMGiFP.png,https://idea.uz/uz/product/10708-smartfon-samsung-galaxy-a36-8-128gb-black,,
OPPO A6 Pro 8/256 Stellar Blue,4399000.0,idea,https://api.idea.uz/storage/products/December2025/MGiIVbmaSaxcMEfrx63M.png,https://idea.uz/uz/product/11497-smartfon-oppo-a6-pro-8-256-stellar-blue,,
OPPO A6 Pro 8/256 Lunar Titanium,4399000.0,idea,https://api.idea.uz/storage/products/December2025/2pFI38AyCvh53c7pmKK9.png,https://idea.uz/uz/product/11498-smartfon-oppo-a6-pro-8-256-lunar-titanium,,
Honor X8d 8/128 Velvet Black,4399000.0,idea,https://api.idea.uz/storage/products/February2026/WEjZbbT8cE1bSumWLnmq.png,https://idea.uz/uz/product/11559-smartfon-honor-x8d-8-128-velvet-black,,
Redmi Note 15 Pro 5G 8/256 Black,4399000.0,idea,https://api.idea.uz/storage/products/February2026/IIsMzqT1mL32bohPt9Qb.png,https://idea.uz/uz/product/11590-smartfon-xiaomi-redmi-note-15-pro-5g-8-256-black,,
Redmi Note 15 Pro 5G 8/256 Titanium,4399000.0,idea,https://api.idea.uz/storage/products/February2026/TTAAu7ZFBSowBSfx8UKd.png,https://idea.uz/uz/product/11591-smartfon-xiaomi-redmi-note-15-pro-5g-8-256-titanium,,
Nova 13i 8/128 White,4499000.0,idea,https://api.idea.uz/storage/products/June2025/uhibGoCbKZARma47FIdQ.png,https://idea.uz/uz/product/10953-smartfon-huawei-nova-13i-8-128-white,,
Honor X9c 12/256 Jade Cyan,4599000.0,idea,https://api.idea.uz/storage/products/November2024/wSE4Ba0XwgvPJJ8lTfvY.png,https://idea.uz/uz/product/8989-smartfon-honor-x9c-12-256-jade-cyan,,
Reno 13F 8/256 Graphite Gray,4699000.0,idea,https://api.idea.uz/storage/products/March2025/gIABwi2VmB3aGDvaG5h1.png,https://idea.uz/uz/product/10577-smartfon-oppo-reno-13f-8-256-graphite-gray,,
Reno 13F 8/256 Plume purple,4699000.0,idea,https://api.idea.uz/storage/products/May2026/BV5xifZbEhFZPbCHFTxZ.png,https://idea.uz/uz/product/11751-smartfon-oppo-reno-13f-8-256-plume-purple,,
Honor X8d 8/256 Velvet Black,4759000.0,idea,https://api.idea.uz/storage/products/February2026/tvSMmvmvSFfpEWxaD3zg.png,https://idea.uz/uz/product/11560-smartfon-honor-x8d-8-256-velvet-black,,
Honor X8d 8/256 Velvet Grey,4759000.0,idea,https://api.idea.uz/storage/products/May2026/mR2lAKNdZ9fjL4ySg7Az.png,https://idea.uz/uz/product/11832-smartfon-honor-x8d-8-256-velvet-grey,,
Galaxy A36 8/256gb Black,4799000.0,idea,https://api.idea.uz/storage/products/March2025/AjO7fPsU3bfQA7CKbn0b.png,https://idea.uz/uz/product/10685-smartfon-samsung-galaxy-a36-8-256gb-black,,
Galaxy A36 8/256gb White,4799000.0,idea,https://api.idea.uz/storage/products/March2025/QpBzcoJFvOtlU70WgrxI.png,https://idea.uz/uz/product/10709-smartfon-samsung-galaxy-a36-8-256gb-white,,
Galaxy A37 8/128 Gray (SM-A376EZADSOZ),4899000.0,idea,https://api.idea.uz/storage/products/March2026/g2WGjlejGOpXGxGmsbiI.png,https://idea.uz/uz/product/11665-smartfon-samsung-galaxy-a37-8-128-gray-sm-a376ezadsoz,,
Galaxy A37 8/128 Dark Green (SM-A376EDGDSOZ),4899000.0,idea,https://api.idea.uz/storage/products/March2026/2RF88IBNN9dLCamCF5fx.png,https://idea.uz/uz/product/11669-smartfon-samsung-galaxy-a37-8-128-dark-green-sm-a376edgdsoz,,
OPPO A6s 8/256 Cappuccino Brown,4999000.0,idea,https://api.idea.uz/storage/products/May2026/FkMMm9cS9ZmHFMmLH4d4.png,https://idea.uz/uz/product/11821-smartfon-oppo-a6s-8-256-cappuccino-brown,,
OPPO A6s 8/256 Ice White,4999000.0,idea,https://api.idea.uz/storage/products/May2026/9GCLFPiUVEwE7jonvl5x.png,https://idea.uz/uz/product/11822-smartfon-oppo-a6s-8-256-ice-white,,
Redmi Note 14 Pro+ 5G 8/256 Frost Blue,5099000.0,idea,https://api.idea.uz/storage/products/January2025/KvpHzeaP0UIIjECjUCgV.png,https://idea.uz/uz/product/10456-smartfon-xiaomi-redmi-note-14-pro-5g-8-256-frost-blue,,
Galaxy A56 8/128gb Gray,5099000.0,idea,https://api.idea.uz/storage/products/March2025/JAYjXJLsKPheeTnJoQjH.png,https://idea.uz/uz/product/10710-smartfon-samsung-galaxy-a56-8-128gb-gray,,
Galaxy A56 8/128gb Olive,5099000.0,idea,https://api.idea.uz/storage/products/March2025/mkEGCToz62Spa9PohG6O.png,https://idea.uz/uz/product/10711-smartfon-samsung-galaxy-a56-8-128gb-olive,,
Galaxy A56 8/128gb Graphite,5099000.0,idea,https://api.idea.uz/storage/products/March2025/qwkAcnkrUTCTgmYTmNMC.png,https://idea.uz/uz/product/10712-smartfon-samsung-galaxy-a56-8-128gb-graphite,,
Honor 400 8/256 Midnight Black,5099000.0,idea,https://api.idea.uz/storage/products/July2025/4e3ooGbGJPAV3L2KNxVa.png,https://idea.uz/uz/product/11028-smartfon-honor-400-8-256-midnight-black,,
Honor 400 8/256 Desert Gold,5099000.0,idea,https://api.idea.uz/storage/products/July2025/CDUU9G9bDTvq73ACdQuD.png,https://idea.uz/uz/product/11029-smartfon-honor-400-8-256-desert-gold,,
Honor 400 8/256 Meteor Silver,5099000.0,idea,https://api.idea.uz/storage/products/May2026/9QAcTyyr2PVAMcG1QZld.png,https://idea.uz/uz/product/11144-smartfon-honor-400-8-256-meteor-silver,,
Honor 600 Lite 8/256 Desert Gold,5199000.0,idea,https://api.idea.uz/storage/products/May2026/6hWto3YMfgnVUU4uIe5Q.png,https://idea.uz/uz/product/11827-smartfon-honor-600-lite-8-256-desert-gold,,
Honor 600 Lite 8/256 Velvet Black,5199000.0,idea,https://api.idea.uz/storage/products/May2026/I7SPTaRtyi0ecAHThi86.png,https://idea.uz/uz/product/11828-smartfon-honor-600-lite-8-256-velvet-black,,
Honor 600 Lite 8/256 Velvet Grey,5199000.0,idea,https://api.idea.uz/storage/products/May2026/CX9sC4xrSV7mjOw7NLxu.png,https://idea.uz/uz/product/11829-smartfon-honor-600-lite-8-256-velvet-grey,,
Galaxy A37 8/256 Gray (SM-A376EZAGSOZ),5299000.0,idea,https://api.idea.uz/storage/products/March2026/ZzTjZNn3UpgX6VoRen3G.png,https://idea.uz/uz/product/11666-smartfon-samsung-galaxy-a37-8-256-gray-sm-a376ezagsoz,,
Galaxy A37 8/256 Dark Green (SM-A376EDGGSOZ),5299000.0,idea,https://api.idea.uz/storage/products/March2026/aOTRs6utM6bAn0pRYe6i.png,https://idea.uz/uz/product/11671-smartfon-samsung-galaxy-a37-8-256-dark-green-sm-a376edggsoz,,
Reno 14F 8/256 Opal Blue,5399000.0,idea,https://api.idea.uz/storage/products/September2025/2ecgaqp4F30g8RIkNbEb.png,https://idea.uz/uz/product/11142-smartfon-oppo-reno-14f-8-256-opal-blue,,
Reno 14F 8/256 Luminous Green,5399000.0,idea,https://api.idea.uz/storage/products/September2025/kiz9IfscsgK0EX4KLidb.png,https://idea.uz/uz/product/11143-smartfon-oppo-reno-14f-8-256-luminous-green,,
Galaxy A56 8/256gb Gray,5499000.0,idea,https://api.idea.uz/storage/products/March2025/lFEziUfvBhlXjMIpBBCG.png,https://idea.uz/uz/product/10714-smartfon-samsung-galaxy-a56-8-256gb-gray,,
Galaxy A56 8/256gb Graphite,5499000.0,idea,https://api.idea.uz/storage/products/March2025/i3Pq8QN1GoyoFL7BrHA6.png,https://idea.uz/uz/product/10715-smartfon-samsung-galaxy-a56-8-256gb-graphite,,
Honor X9d 8/256 Midnight Black,5499000.0,idea,https://api.idea.uz/storage/products/November2025/JwHtCnh2nLKKKRf4evwd.png,https://idea.uz/uz/product/11394-smartfon-honor-x9d-8-256-midnight-black,,
Honor X9d 8/256 Reddish,5499000.0,idea,https://api.idea.uz/storage/products/November2025/Yx3D1Tebx7wsh3MxQ0nu.png,https://idea.uz/uz/product/11395-smartfon-honor-x9d-8-256-reddish,,
Honor X9d 8/256 Sunrise Gold,5499000.0,idea,https://api.idea.uz/storage/products/November2025/sN8k42OR2RpYaTxos4eM.png,https://idea.uz/uz/product/11396-smartfon-honor-x9d-8-256-sunrise-gold,,
Redmi Note 15 Pro+ 8/256 Black,5499000.0,idea,https://api.idea.uz/storage/products/January2026/bfsO0U4V275Ry97YSofg.png,https://idea.uz/uz/product/11543-smartfon-xiaomi-redmi-note-15-pro-8-256-black,,
Redmi Note 15 Pro+ 8/256 Mocha Brown,5499000.0,idea,https://api.idea.uz/storage/products/February2026/KcU78LUhNnqbSZ5HqliS.png,https://idea.uz/uz/product/11618-smartfon-xiaomi-redmi-note-15-pro-8-256-mocha-brown,,
OPPO A6s Pro 8/256 Eclipse Blue,5499000.0,idea,https://api.idea.uz/storage/products/June2026/XVoxUZro2oMIsSkcf6pq.png,https://idea.uz/uz/product/11896-smartfon-oppo-a6s-pro-8-256-eclipse-blue,,
Redmi Note 15 Pro+ 8/256 Glacier Blue,5499000.0,idea,https://api.idea.uz/storage/products/August2026/n252GFQwoxB0llgBUgmt.png,https://idea.uz/uz/product/12065-smartfon-xiaomi-redmi-note-15-pro-8-256-glacier-blue,,
Galaxy A57 8/128 Violet (SM-A576BZVESOZ),5599000.0,idea,https://api.idea.uz/storage/products/March2026/bUe8p6fSbNTTLJmBIdTe.png,https://idea.uz/uz/product/11664-smartfon-samsung-galaxy-a57-8-128-violet-sm-a576bzvesoz,,
Galaxy A57 8/128 Dark Blue (SM-A576BDBESOZ),5599000.0,idea,https://api.idea.uz/storage/products/March2026/D2Yrz61uexdnKHqbRLwB.png,https://idea.uz/uz/product/11668-smartfon-samsung-galaxy-a57-8-128-dark-blue-sm-a576bdbesoz,,
Galaxy A57 8/128 Gray (SM-A576BZAESOZ),5599000.0,idea,https://api.idea.uz/storage/products/March2026/n32erA1Ma9bQwwy9xhdj.png,https://idea.uz/uz/product/11670-smartfon-samsung-galaxy-a57-8-128-gray-sm-a576bzaesoz,,
Reno 13F 8/512 Graphite Grey,5799000.0,idea,https://api.idea.uz/storage/products/April2026/BXSO7w57jI8l7AwG9f67.png,https://idea.uz/uz/product/11750-smartfon-oppo-reno-13f-8-512-graphite-grey,,
Reno 13F 8/512 Plume purple,5799000.0,idea,https://api.idea.uz/storage/products/May2026/OJcyFJu5o5zuPjY4EJUD.png,https://idea.uz/uz/product/11752-smartfon-oppo-reno-13f-8-512-plume-purple,,
Reno 15F 8/256 5G Aurora Blue,5899000.0,idea,https://api.idea.uz/storage/products/July2026/wTH9zYLmrqwFJiZRfNQe.jpg,https://idea.uz/uz/product/12038-smartfon-oppo-reno-15f-8-256-5g-aurora-blue,,
Reno 15F 8/256 5G Twilight Blue,5899000.0,idea,https://api.idea.uz/storage/products/July2026/slcJZ1v6FDnHio0r65Jz.jpg,https://idea.uz/uz/product/12039-smartfon-oppo-reno-15f-8-256-5g-twilight-blue,,
Honor X9d 12/256 Midnight Black,5999000.0,idea,https://api.idea.uz/storage/products/November2025/P0BvJ2puvNDpVgGKwXuh.png,https://idea.uz/uz/product/11397-smartfon-honor-x9d-12-256-midnight-black,,
Honor X9d 12/256 Sunrise Gold,5999000.0,idea,https://api.idea.uz/storage/products/November2025/QD9tn421VhT3dXhM1ycX.png,https://idea.uz/uz/product/11398-smartfon-honor-x9d-12-256-sunrise-gold,,
Galaxy A57 8/256 Violet (SM-A576BZVFSOZ),5999000.0,idea,https://api.idea.uz/storage/products/March2026/ZJ3tMJYBz1DaiEJt3sM4.png,https://idea.uz/uz/product/11663-smartfon-samsung-galaxy-a57-8-256-violet-sm-a576bzvfsoz,,
Galaxy A57 8/256 Gray (SM-A576BZAFSOZ),5999000.0,idea,https://api.idea.uz/storage/products/March2026/HZ2K2whVm2ynorcPM5BJ.png,https://idea.uz/uz/product/11667-smartfon-samsung-galaxy-a57-8-256-gray-sm-a576bzafsoz,,
Honor X9d 12/256 Reddish,5999000.0,idea,https://api.idea.uz/storage/products/May2026/50R7gRCQdC6WJ9jmHoyP.png,https://idea.uz/uz/product/11680-smartfon-honor-x9d-12-256-reddish,,
Galaxy A57 8/256 Navy (SM-A576BDBFSOZ),5999000.0,idea,https://api.idea.uz/storage/products/April2026/mm7PgZXE2g60ILPvbup9.png,https://idea.uz/uz/product/11753-smartfon-samsung-galaxy-a57-8-256-navy-sm-a576bdbfsoz,,
Redmi Note 15 Pro+ 12/512 Black,5999000.0,idea,https://api.idea.uz/storage/products/June2026/jrzcE1bQytyIRdt9wt6E.png,https://idea.uz/uz/product/11920-smartfon-redmi-note-15-pro-12-512-black,,
Redmi Note 15 Pro+ 12/512 Mocha Brown,5999000.0,idea,https://api.idea.uz/storage/products/June2026/wuQAmzdfuWyevNJEouNA.png,https://idea.uz/uz/product/11921-smartfon-redmi-note-15-pro-12-512-mocha-brown,,
Redmi Note 17 Pro Max 5G 8/256 Black,5999000.0,idea,https://api.idea.uz/storage/products/September2026/h2092VnhyMMzqQGZW0Km.png,https://idea.uz/uz/product/12128-smartfon-xiaomi-redmi-note-17-pro-max-5g-8-256-black,,
Redmi Note 17 Pro Max 5G 8/256 Cloud Blush,5999000.0,idea,https://api.idea.uz/storage/products/September2026/nllmcxahTrpqf3lsDdD0.png,https://idea.uz/uz/product/12129-smartfon-xiaomi-redmi-note-17-pro-max-5g-8-256-cloud-blush,,
Redmi Note 17 Pro Max 5G 8/256 Purple,5999000.0,idea,https://api.idea.uz/storage/products/September2026/XoCqF3cjuxHI89t8v2Zb.png,https://idea.uz/uz/product/12134-smartfon-xiaomi-redmi-note-17-pro-max-5g-8-256-purple,,
Honor 600 8/256 Golden White,6779000.0,idea,https://api.idea.uz/storage/products/June2026/x4VSY8Sv96b9MuROtVYu.png,https://idea.uz/uz/product/11902-smartfon-honor-600-8-256-golden-white,,
Honor 600 8/256 Black,6779000.0,idea,https://api.idea.uz/storage/products/June2026/BRjz8y1wP5xJooQW5y5s.png,https://idea.uz/uz/product/11904-smartfon-honor-600-8-256-black,,
Honor 600 8/256 Orange,6779000.0,idea,https://api.idea.uz/storage/products/June2026/B1xNNFg8U7PF5tRPpp40.png,https://idea.uz/uz/product/11906-smartfon-honor-600-8-256-orange,,
IPHONE 13 128GB MIDNIGHT,7299000.0,idea,https://api.idea.uz/storage/products/September2022/1zafx4Cclc0KgjHxFbRN.png,https://idea.uz/uz/product/5163-smartfon-iphone-13-128gb-midnight,,
F7 Pro 12/256 Blue,7299000.0,idea,https://api.idea.uz/storage/products/May2025/qdQaO3lwUerWb8I7VP8D.png,https://idea.uz/uz/product/10851-smartfon-xiaomi-poco-f7-pro-12-256-blue,,
XIAOMI 17T 12/256GB Blue,7499000.0,idea,https://api.idea.uz/storage/products/May2026/S9TD9hF1arnJfWJPPKhy.png,https://idea.uz/uz/product/11859-smartfon-xiaomi-17t-12-256gb-blue,,
XIAOMI 17T 12/256GB Violet,7499000.0,idea,https://api.idea.uz/storage/products/May2026/Xdhd0isiBlqADSEMngC9.png,https://idea.uz/uz/product/11860-smartfon-xiaomi-17t-12-256gb-violet,,
XIAOMI 17T 12/256GB Black,7499000.0,idea,https://api.idea.uz/storage/products/July2026/1oT2Q85zDh8QZfQlXOR6.png,https://idea.uz/uz/product/11893-smartfon-xiaomi-17t-12-256gb-black,,
Honor 600 8/512 Golden White,7599000.0,idea,https://api.idea.uz/storage/products/June2026/47Hm5M4HIlxbmqIQiEkU.png,https://idea.uz/uz/product/11903-smartfon-honor-600-8-512-golden-white,,
Honor 600 8/512 Black,7599000.0,idea,https://api.idea.uz/storage/products/June2026/GtoMnafN6uzDoEm775PB.png,https://idea.uz/uz/product/11905-smartfon-honor-600-8-512-black,,
Honor 600 8/512 Orange,7599000.0,idea,https://api.idea.uz/storage/products/June2026/W5sRxUBJGvxCJldwxXg9.png,https://idea.uz/uz/product/11907-smartfon-honor-600-8-512-orange,,
XIAOMI 17T 12/512GB Black,8099000.0,idea,https://api.idea.uz/storage/products/May2026/NJBihdhQe977kzryucZs.png,https://idea.uz/uz/product/11861-smartfon-xiaomi-17t-12-512gb-black,,
XIAOMI 17T 12/512GB Violet,8099000.0,idea,https://api.idea.uz/storage/products/June2026/8l9QgKA6Ye8FoVoTAWwk.png,https://idea.uz/uz/product/11894-smartfon-xiaomi-17t-12-512gb-violet,,
Honor 400 Pro 12/512 Lunar Grey,8399000.0,idea,https://api.idea.uz/storage/products/July2025/QMtHVcr2W9S1DPwbw67E.png,https://idea.uz/uz/product/11030-smartfon-honor-400-pro-12-512-lunar-grey,,
Honor 400 Pro 12/512 Midnight Black,8399000.0,idea,https://api.idea.uz/storage/products/July2025/U3SVWBqPvVex9YVJBoOd.png,https://idea.uz/uz/product/11031-smartfon-honor-400-pro-12-512-midnight-black,,
Pura 70 12/256 Black,8599000.0,idea,https://api.idea.uz/storage/products/August2024/WMHd56F8cMQam38M2TDy.png,https://idea.uz/uz/product/8488-smartfon-huawei-pura-70-12-256-black,,
IPHONE 14 128GB Midnight,8599000.0,idea,https://api.idea.uz/storage/products/November2025/WReycsGB7lQeXKIEVqg4.png,https://idea.uz/uz/product/9792-smartfon-iphone-14-midnight,,
Pura 70 12/256 White,8599000.0,idea,https://api.idea.uz/storage/products/March2025/tQCPpelSwhMecNVJqK1Y.png,https://idea.uz/uz/product/10679-smartfon-huawei-pura-70-12-256-white,,
Galaxy S25 FE 8/128 Black,8899000.0,idea,https://api.idea.uz/storage/products/October2025/yY12GNy1WdlTFKjj8gfe.png,https://idea.uz/uz/product/11266-smartfon-samsung-galaxy-s25-fe-8-128-black,,
Galaxy S25 FE 8/128 Navy,8899000.0,idea,https://api.idea.uz/storage/products/October2025/qg6ylN4T9TPRDIyZWoIl.png,https://idea.uz/uz/product/11267-smartfon-samsung-galaxy-s25-fe-8-128-navy,,
Galaxy S26 FE 8/128 Graphite,8999000.0,idea,https://api.idea.uz/storage/products/August2026/jEfpSs8b681dOGekJQnL.png,https://idea.uz/uz/product/12101-smartfon-samsung-galaxy-s26-fe-8-128-graphite,,
Galaxy S26 FE 8/128 Blueberry,8999000.0,idea,https://api.idea.uz/storage/products/August2026/HgKunoqiZeJTWQ2Yymlh.png,https://idea.uz/uz/product/12104-smartfon-samsung-galaxy-s26-fe-8-128-blueberry,,
Galaxy S25 FE 8/256 Black,9399000.0,idea,https://api.idea.uz/storage/products/May2026/PznTNex9Sw4rte2xf1ZM.png,https://idea.uz/uz/product/11488-smartfon-samsung-galaxy-s25-fe-8-256-black,,
XIAOMI 17T Pro 12/256GB Black,9599000.0,idea,https://api.idea.uz/storage/products/May2026/kwg3dltvNCeDP85zHU5n.png,https://idea.uz/uz/product/11862-smartfon-xiaomi-17t-pro-12-256gb-black,,
Galaxy S26 FE 8/256 Graphite,9899000.0,idea,https://api.idea.uz/storage/products/August2026/ZDlFSR60OgKoCuVsqmp8.png,https://idea.uz/uz/product/12102-smartfon-samsung-galaxy-s26-fe-8-256-graphite,,
Galaxy S26 FE 8/256 Blueberry,9899000.0,idea,https://api.idea.uz/storage/products/August2026/NpikiFlGvyd0yuTRnM0g.png,https://idea.uz/uz/product/12103-smartfon-samsung-galaxy-s26-fe-8-256-blueberry,,
Galaxy S25 12/128 Silver Shadow,10399000.0,idea,https://api.idea.uz/storage/products/February2025/u8S0B19rRNdc9CNVQhcV.png,https://idea.uz/uz/product/10516-smartfon-samsung-galaxy-s25-12-128-silver-shadow,,
Galaxy S25 12/128 Jet Black (blueblack),10399000.0,idea,https://api.idea.uz/storage/products/July2025/RUM1Zb2HdAFDe0L7hciA.png,https://idea.uz/uz/product/11099-smartfon-samsung-galaxy-s25-12-128-jet-black-blueblack,,
Smartfon iPhone 15 128GB Black,10599000.0,idea,https://api.idea.uz/storage/products/August2024/68Ru3xtGW38UEraTYjZi.png,https://idea.uz/uz/product/7433-smartfon-iphone-15-128gb-black,,
Iphone 15 128GB Blue,10599000.0,idea,https://api.idea.uz/storage/products/September2024/565LWOwYhi08aIwD1g7c.png,https://idea.uz/uz/product/8669-smartfon-apple-iphone-15-128gb-blue,,
Pura 70 Pro 12/512 Black,10999000.0,idea,https://api.idea.uz/storage/products/August2024/N22bk2KqIqVhESxhWenK.png,https://idea.uz/uz/product/8486-smartfon-huawei-pura-70-pro-12-512-black,,
Pura 70 Pro 12/512 White,10999000.0,idea,https://api.idea.uz/storage/products/December2024/dW6bJFWrxTi52wuUFV3f.png,https://idea.uz/uz/product/9027-smartfon-huawei-pura-70-pro-12-512-white,,
Honor 600 Pro 12/512 Black,11119000.0,idea,https://api.idea.uz/storage/products/June2026/VRzQ0y15ZkfMSB04RZVb.png,https://idea.uz/uz/product/11908-smartfon-honor-600-pro-12-512-black,,
Honor 600 Pro 12/512 Golden White,11119000.0,idea,https://api.idea.uz/storage/products/June2026/8kVdVQKcye7oCVsjUQy8.png,https://idea.uz/uz/product/11909-smartfon-honor-600-pro-12-512-golden-white,,
Honor 600 Pro 12/512 Orange,11119000.0,idea,https://api.idea.uz/storage/products/June2026/oQHeHWkhF9AoWBbES3dP.png,https://idea.uz/uz/product/11910-smartfon-honor-600-pro-12-512-orange,,
Iphone 16 8/128 Black,11399000.0,idea,https://api.idea.uz/storage/products/November2024/JOqofiTys9p6yWKvrinL.png,https://idea.uz/uz/product/8969-smartfon-apple-iphone-16-128gb-black,,
Iphone 16 8/128 White,11399000.0,idea,https://api.idea.uz/storage/products/February2026/aQLBnV6gkBXIhmdfoAQh.png,https://idea.uz/uz/product/11541-smartfon-iphone-16-8-128-white,,
Galaxy S26 12/256 Black,11699000.0,idea,https://api.idea.uz/storage/products/February2026/wNwN5ESQ2iFLps8AVUMt.png,https://idea.uz/uz/product/11630-smartfon-samsung-galaxy-s26-12-256-black,,
Galaxy S26 12/256 White,11699000.0,idea,https://api.idea.uz/storage/products/March2026/5VBQvFy5Qa6E5TsPMSnZ.png,https://idea.uz/uz/product/11632-smartfon-samsung-galaxy-s26-12-256-white,,
Galaxy S26 12/256 Cobalt Violet,11699000.0,idea,https://api.idea.uz/storage/products/March2026/4FOS2zf0ZtevKpcjYRx4.png,https://idea.uz/uz/product/11672-smartfon-samsung-galaxy-s26-12-256-cobalt-violet,,
Galaxy S26 12/512 Black,13199000.0,idea,https://api.idea.uz/storage/products/February2026/vIHoMRziZDzhKJmHYUhD.png,https://idea.uz/uz/product/11631-smartfon-samsung-galaxy-s26-12-512-black,,
IPHONE 17 256GB Black,14299000.0,idea,https://api.idea.uz/storage/products/October2025/8BPCIJd4sgX1ywgABHs4.png,https://idea.uz/uz/product/11297-smartfon-iphone-17-256gb-black,,
IPHONE 17 256GB White,14299000.0,idea,https://api.idea.uz/storage/products/October2025/Y6lKqxWQMgd9czU1PMsF.png,https://idea.uz/uz/product/11298-smartfon-iphone-17-256gb-white,,
IPHONE 17 256GB Mist Blue,14299000.0,idea,https://api.idea.uz/storage/products/October2025/slA0iJTXot35PUH1S6Wf.png,https://idea.uz/uz/product/11299-smartfon-iphone-17-256gb-mist-blue,,
IPHONE Air 256GB Space Black,14999000.0,idea,https://api.idea.uz/storage/products/October2025/ZPk0tcUrYsYR1W6xCBRZ.png,https://idea.uz/uz/product/11308-smartfon-iphone-air-256gb-space-black,,
IPHONE Air 256GB Sky Blue,14999000.0,idea,https://api.idea.uz/storage/products/October2025/ibU4Vq10aU8WhuxiCxdh.png,https://idea.uz/uz/product/11310-smartfon-iphone-air-256gb-sky-blue,,
Galaxy S25 Ultra 12/256 Titanium Blue,16199000.0,idea,https://api.idea.uz/storage/products/January2025/Fo2jPiSSUp7JUlZTLDqI.png,https://idea.uz/uz/product/10506-smartfon-samsung-galaxy-s25-ultra-12-256-titanium-blue,,
Galaxy S25 Ultra 12/256 Titanium Gray,16199000.0,idea,https://api.idea.uz/storage/products/February2025/H6D2lV7hFNHW2vfvMFCk.png,https://idea.uz/uz/product/10517-smartfon-samsung-galaxy-s25-ultra-12-256-titanium-gray,,
Galaxy S25 Ultra 12/256 Jet Black,16199000.0,idea,https://api.idea.uz/storage/products/September2025/CEKiBZSBgfOM8FKYlXRh.png,https://idea.uz/uz/product/11170-smartfon-samsung-galaxy-s25-ultra-12-256-jet-black,,
Galaxy S26 Ultra 12/256 Black,16249000.0,idea,https://api.idea.uz/storage/products/March2026/hLnsJo9GQEsBpleRq7bQ.png,https://idea.uz/uz/product/11633-smartfon-samsung-galaxy-s26-ultra-12-256-black,,
Galaxy S26 Ultra 12/256 White,16249000.0,idea,https://api.idea.uz/storage/products/March2026/tchL3LQYdzEAaIhM7Tsc.png,https://idea.uz/uz/product/11636-smartfon-samsung-galaxy-s26-ultra-12-256-white,,
Galaxy S26 Ultra 12/256 Cobalt Violet,16249000.0,idea,https://api.idea.uz/storage/products/April2026/m0WrYrzHBs5aIzq07bEe.png,https://idea.uz/uz/product/11782-smartfon-samsung-galaxy-s26-ultra-12-256-cobalt-violet,,
Galaxy S26 Ultra 12/512 Black,18299000.0,idea,https://api.idea.uz/storage/products/March2026/TYTn6WQAy8diKHQ3nHQ2.png,https://idea.uz/uz/product/11634-smartfon-samsung-galaxy-s26-ultra-12-512-black,,
Galaxy S26 Ultra 12/512 Cobalt Violet,18299000.0,idea,https://api.idea.uz/storage/products/March2026/RPBnRypjRHOxNztho1Bx.png,https://idea.uz/uz/product/11635-smartfon-samsung-galaxy-s26-ultra-12-512-cobalt-violet,,
IPHONE 17 Pro 256GB Silver,18699000.0,idea,https://api.idea.uz/storage/products/December2025/C91wJ8WLLRiLoXATmyGU.png,https://idea.uz/uz/product/11301-smartfon-iphone-17-pro-256gb-silver,,
IPHONE 17 Pro 256GB Cosmic Orange,18699000.0,idea,https://api.idea.uz/storage/products/October2025/fYjPq7MZBsJ5NulKSpTD.png,https://idea.uz/uz/product/11302-smartfon-iphone-17-pro-256gb-cosmic-orange,,
IPHONE 17 Pro 256GB Deep Blue,18699000.0,idea,https://api.idea.uz/storage/products/October2025/JcA61pV5y16UAsvD2097.png,https://idea.uz/uz/product/11341-smartfon-iphone-17-pro-256gb-deep-blue,,
IPHONE Air 1TB Cloud White,18999000.0,idea,https://api.idea.uz/storage/products/February2026/Pni6CtOEfhSAYOMo5l2u.png,https://idea.uz/uz/product/11570-smartfon-iphone-air-1tb-cloud-white,,
IPHONE Air 1TB Sky Blue,18999000.0,idea,https://api.idea.uz/storage/products/February2026/XJOT9UnVFXib025qTVnS.png,https://idea.uz/uz/product/11571-smartfon-iphone-air-1tb-sky-blue,,
IPHONE 17 Pro Max 256GB Silver,20399000.0,idea,https://api.idea.uz/storage/products/October2025/WmUgrcSYVnGp7djpRxZN.png,https://idea.uz/uz/product/11305-smartfon-iphone-17-pro-max-256gb-silver,,
IPHONE 17 Pro Max 256GB Cosmic Orange,20399000.0,idea,https://api.idea.uz/storage/products/November2025/oQ9jl6wkfSBWQYc1aDdQ.png,https://idea.uz/uz/product/11306-smartfon-iphone-17-pro-max-256gb-cosmic-orange,,
IPHONE 17 Pro Max 256GB Deep Blue,20399000.0,idea,https://api.idea.uz/storage/products/October2025/ZYDXv353RbX322r3sF04.png,https://idea.uz/uz/product/11307-smartfon-iphone-17-pro-max-256gb-deep-blue,,
